prompt,answer
What are the most popular Toyota car models?,"Some of the most popular Toyota cars include the Toyota Corolla, Camry, Prius, RAV4, Highlander, and Tacoma."
How reliable are Toyota cars?,"Toyota is known for its reliability, durability, and longevity. Many Toyota models have been recognized for lasting well over 200,000 miles with proper maintenance."
Does Toyota offer all-wheel drive (AWD) on its cars?,"Yes, several Toyota models, such as the RAV4, Highlander, and Camry, offer all-wheel drive (AWD) for better traction in various conditions."
Does Toyota offer all-wheel drive (AWD) on its cars?,"Yes, several Toyota models, such as the RAV4, Highlander, and Camry, offer all-wheel drive (AWD) for better traction in various conditions."
What is Toyota's best-selling car?,"The Toyota Corolla is the best-selling car in the world, with over 50 million units sold globally."
Which Toyota car has the best fuel efficiency?,"The Toyota Prius is the most fuel-efficient Toyota car, offering over 50 MPG. The Corolla Hybrid and Camry Hybrid also provide excellent fuel economy."
Does Toyota have a sports car?,"Yes, Toyota offers sports cars like the Toyota GR Supra and the GR86, which are designed for high performance and thrilling driving experiences."
What type of fuel do Toyota cars use?,"Most Toyota vehicles run on regular unleaded gasoline. However, some performance models may require premium fuel, and hybrids or electric models use alternative power sources."
What hybrid Toyota cars are available?,"Toyota offers several hybrid models, including the Prius, Corolla Hybrid, Camry Hybrid, and RAV4 Hybrid."
Does Toyota have fully electric cars?,"Yes, Toyota offers the bZ4X, a fully electric SUV, and plans to expand its EV lineup in the future."
Do Toyota hybrid batteries last a long time?,"Yes, Toyota hybrid batteries are designed to last the lifetime of the vehicle and come with a 10-year/150,000-mile warranty in many markets."
What safety features do Toyota cars come with?,"Most Toyota vehicles come with Toyota Safety Sense (TSS), which includes features like automatic emergency braking, lane departure alert, and adaptive cruise control."
Do Toyota cars have Apple CarPlay and Android Auto?,"Yes, most new Toyota models come with Apple CarPlay and Android Auto for seamless smartphone connectivity."
Does Toyota offer remote start on its cars?,"Yes, many Toyota models offer remote start through the Toyota app or key fob, depending on the trim level."
How often do I need to service my Toyota car?,"Toyota recommends regular maintenance every 5,000-10,000 miles, depending on the model and driving conditions. Check your owner’s manual for specific guidelines."
What is covered under Toyota's vehicle warranty?,"Toyota offers a 3-year/36,000-mile basic warranty and a 5-year/60,000-mile powertrain warranty. Hybrid models include a 10-year/150,000-mile battery warranty."
Does Toyota offer free maintenance?,"Yes, ToyotaCare provides complimentary maintenance for two years or 25,000 miles, covering oil changes, tire rotations, and multi-point inspections."
